TAIL_NUMBER,CARRIER_DELAY,SECURITY_DELAY,WEATHER_DELAY,Total_Predicted_Delay
N121AA,-3.018469,0.17621753,10.065586,7.2233343
N343DL,-0.600424,20.976398,1.7246525,22.100628
N676UA,21.529476,3.720563,2.0233123,27.27335
N801JB,0.10564249,0.3098801,0.6522108,1.0677334
N454AS,0.96324694,0.2507801,2.8759725,4.0899997
